{
  "best_model_label": "Stacking",
  "test_metrics": {
    "accuracy": 0.9128888888888889,
    "f1": 0.8234234234234235,
    "roc_auc": 0.9329206226815941,
    "model": "Stacking"
  },
  "search_summary": null,
  "random_state": 42
}