,user_id,sessions_last_30d,avg_session_duration_min,pages_per_session,purchases_last_30d,revenue_last_30d,churned,signup_year,n_support_tickets
user_id,1.0,-0.11869949043267397,-0.10233999190540201,-0.13632061985381572,-0.05738010104197234,-0.0398368319378594,-0.03135025860549245,0.10197993489566581,0.03597989173991044
sessions_last_30d,-0.11869949043267397,1.0,0.9877964965765567,0.968491071551138,0.9654098818516116,0.9687282228586551,-0.6965055204590883,-0.15286176432604603,0.5296443566015182
avg_session_duration_min,-0.10233999190540201,0.9877964965765567,1.0,0.9848401616415418,0.9561472648927737,0.9483677252468646,-0.7462500874815641,-0.02951064797976826,0.48452559201614137
pages_per_session,-0.13632061985381572,0.968491071551138,0.9848401616415418,1.0,0.9226399278509705,0.9129993510828798,-0.7620550797855337,-0.12036777989274591,0.5579898774613546
purchases_last_30d,-0.05738010104197234,0.9654098818516116,0.9561472648927737,0.9226399278509705,1.0,0.9796003037495364,-0.7259195875914239,-0.08115932482842003,0.5395230612805209
revenue_last_30d,-0.0398368319378594,0.9687282228586551,0.9483677252468646,0.9129993510828798,0.9796003037495364,1.0,-0.6222184104703152,-0.1647909091385177,0.5702092272720433
churned,-0.03135025860549245,-0.6965055204590883,-0.7462500874815641,-0.7620550797855337,-0.7259195875914239,-0.6222184104703152,1.0,-0.26193631792550026,-0.39703333358837206
signup_year,0.10197993489566581,-0.15286176432604603,-0.02951064797976826,-0.12036777989274591,-0.08115932482842003,-0.1647909091385177,-0.26193631792550026,1.0,-0.20149505839428447
n_support_tickets,0.03597989173991044,0.5296443566015182,0.48452559201614137,0.5579898774613546,0.5395230612805209,0.5702092272720433,-0.39703333358837206,-0.20149505839428447,1.0
